date,SPY,EFA,IEF,GLD,SHY,SPY_end,EFA_end,IEF_end,GLD_end,SHY_end
2008-01-31,0.282761432768,0.117238567232,0.400000000000,0.000000000000,0.200000000000,0.268230399125,0.109081873234,0.417415432077,0.000000000000,0.205272295564
2008-02-29,0.268230399125,0.109081873234,0.417415432077,0.000000000000,0.205272295564,0.261495661261,0.108047403687,0.422907108518,0.000000000000,0.207549826535
2008-03-31,0.261495661261,0.108047403687,0.422907108518,0.000000000000,0.207549826535,0.258048757461,0.108035990036,0.426729550557,0.000000000000,0.207185701946
2008-04-30,0.282316516941,0.117683483059,0.396314014754,0.003685985246,0.200000000000,0.293295055273,0.123043984569,0.383493891699,0.003503103371,0.196663965088
2008-05-31,0.293295055273,0.123043984569,0.383493891699,0.003503103371,0.196663965088,0.298196996557,0.124700577788,0.377269883642,0.003541006482,0.196291535531
2008-06-30,0.298196996557,0.124700577788,0.377269883642,0.003541006482,0.196291535531,0.281992484818,0.117371782756,0.393766193381,0.003819010497,0.203050528548
2008-07-31,0.300000000000,0.100000000000,0.393771842135,0.006228157865,0.200000000000,0.298019514232,0.096912411815,0.397563398216,0.006152977686,0.201351698050
2008-08-31,0.298019514232,0.096912411815,0.397563398216,0.006152977686,0.201351698050,0.300543460732,0.092157666879,0.400856544830,0.005542870762,0.200899456797
2008-09-30,0.300543460732,0.092157666879,0.400856544830,0.005542870762,0.200899456797,0.282880676632,0.084808333581,0.415939216517,0.005996348765,0.210375424505
2008-10-31,0.300000000000,0.100000000000,0.388711571120,0.011288428880,0.200000000000,0.270270240544,0.085432241984,0.415864364356,0.010215926541,0.218217226575
2008-11-30,0.270270240544,0.085432241984,0.415864364356,0.010215926541,0.218217226575,0.248553200148,0.079064645513,0.442933686750,0.011367603608,0.218080863980
2008-12-31,0.248553200148,0.079064645513,0.442933686750,0.011367603608,0.218080863980,0.242643130308,0.083214462449,0.450286039280,0.011839421413,0.212016946550
2009-01-31,0.300000000000,0.100000000000,0.400000000000,0.000000000000,0.200000000000,0.291327284383,0.091268906057,0.406735652867,0.000000000000,0.210668156693
2009-02-28,0.291327284383,0.091268906057,0.406735652867,0.000000000000,0.210668156693,0.272014145806,0.085559531147,0.422363584337,0.000000000000,0.220062738710
2009-03-31,0.272014145806,0.085559531147,0.422363584337,0.000000000000,0.220062738710,0.282003975829,0.088750789948,0.417594236487,0.000000000000,0.211650997736
2009-04-30,0.300000000000,0.100000000000,0.399067514900,0.000932485100,0.200000000000,0.320195876794,0.108270175802,0.376805993830,0.000875135431,0.193852818143
2009-05-31,0.320195876794,0.108270175802,0.376805993830,0.000875135431,0.193852818143,0.330527005348,0.119520736656,0.359849029873,0.000940816206,0.189162411918
2009-06-30,0.330527005348,0.119520736656,0.359849029873,0.000940816206,0.189162411918,0.331679279650,0.118330039266,0.359327682135,0.000895418030,0.189767580919
2009-07-31,0.300000000000,0.100000000000,0.400000000000,0.000000000000,0.200000000000,0.311188536543,0.106220749948,0.389322531424,0.000000000000,0.193268182085
2009-08-31,0.311188536543,0.106220749948,0.389322531424,0.000000000000,0.193268182085,0.316343765741,0.108822968588,0.384587167241,0.000000000000,0.190246098430
2009-09-30,0.316343765741,0.108822968588,0.384587167241,0.000000000000,0.190246098430,0.321099408773,0.110726411528,0.381240140593,0.000000000000,0.186934039106
2009-10-31,0.300000000000,0.100000000000,0.400000000000,0.000000000000,0.200000000000,0.296776100189,0.098318920552,0.402901801585,0.000000000000,0.202003177674
2009-11-30,0.296776100189,0.098318920552,0.402901801585,0.000000000000,0.202003177674,0.305446967650,0.099056872215,0.398488098483,0.000000000000,0.197008061652
2009-12-31,0.305446967650,0.099056872215,0.398488098483,0.000000000000,0.197008061652,0.315273700561,0.101039291075,0.385829671245,0.000000000000,0.197857337119
2010-01-31,0.300000000000,0.100000000000,0.400000000000,0.000000000000,0.200000000000,0.290519557625,0.095401932621,0.411495326130,0.000000000000,0.202583183625
2010-02-28,0.290519557625,0.095401932621,0.411495326130,0.000000000000,0.202583183625,0.296320457787,0.094614967465,0.408365798092,0.000000000000,0.200698776655
2010-03-31,0.296320457787,0.094614967465,0.408365798092,0.000000000000,0.200698776655,0.308430719521,0.098757875038,0.396428342437,0.000000000000,0.196383063005
2010-04-30,0.300000000000,0.100000000000,0.400000000000,0.000000000000,0.200000000000,0.301909339741,0.096323856768,0.402965287610,0.000000000000,0.198801515881
2010-05-31,0.301909339741,0.096323856768,0.402965287610,0.000000000000,0.198801515881,0.284187435851,0.087471250053,0.424136724209,0.000000000000,0.204204589887
2010-06-30,0.284187435851,0.087471250053,0.424136724209,0.000000000000,0.204204589887,0.270219142618,0.085901550482,0.438259101216,0.000000000000,0.205620205684
2010-07-31,0.300000000000,0.100000000000,0.400000000000,0.000000000000,0.200000000000,0.309315610600,0.107718878567,0.389564739249,0.000000000000,0.193400771584
2010-08-31,0.309315610600,0.107718878567,0.389564739249,0.000000000000,0.193400771584,0.296727406292,0.104095700634,0.404444495611,0.000000000000,0.194732397464
2010-09-30,0.296727406292,0.104095700634,0.404444495611,0.000000000000,0.194732397464,0.311713428346,0.110373208322,0.389937426788,0.000000000000,0.187975936543
2010-10-31,0.300000000000,0.100000000000,0.400000000000,0.000000000000,0.200000000000,0.306653414235,0.102203381611,0.393798072345,0.000000000000,0.197345131808
2010-11-30,0.306653414235,0.102203381611,0.393798072345,0.000000000000,0.197345131808,0.309398212512,0.098144048824,0.393754222333,0.000000000000,0.198703516331
2010-12-31,0.309398212512,0.098144048824,0.393754222333,0.000000000000,0.198703516331,0.325203101766,0.104726690243,0.374624361316,0.000000000000,0.195445846675
2011-01-31,0.300000000000,0.100000000000,0.400000000000,0.000000000000,0.200000000000,0.304172651386,0.101158523080,0.396244645219,0.000000000000,0.198424180316
2011-02-28,0.304172651386,0.101158523080,0.396244645219,0.000000000000,0.198424180316,0.310672138066,0.103395999081,0.390309465984,0.000000000000,0.195622396869
2011-03-31,0.310672138066,0.103395999081,0.390309465984,0.000000000000,0.195622396869,0.311734876975,0.101259682710,0.390992541986,0.000000000000,0.196012898329
2011-04-30,0.300000000000,0.100000000000,0.400000000000,0.000000000000,0.200000000000,0.301822749775,0.103276544715,0.398304316134,0.000000000000,0.196596389376
2011-05-31,0.301822749775,0.103276544715,0.398304316134,0.000000000000,0.196596389376,0.296943520117,0.100492390205,0.406240104656,0.000000000000,0.196323985022
2011-06-30,0.296943520117,0.100492390205,0.406240104656,0.000000000000,0.196323985022,0.294372958905,0.100105019864,0.407567350551,0.000000000000,0.197954670680
2011-07-31,0.300000000000,0.100000000000,0.400000000000,0.000000000000,0.200000000000,0.292573608251,0.097149004034,0.410677590663,0.000000000000,0.199599797052
2011-08-31,0.292573608251,0.097149004034,0.410677590663,0.000000000000,0.199599797052,0.277822491367,0.089071210927,0.431852425730,0.000000000000,0.201253871976
2011-09-30,0.277822491367,0.089071210927,0.431852425730,0.000000000000,0.201253871976,0.263666194223,0.081020596389,0.450274257944,0.000000000000,0.205038951444
2011-10-31,0.300000000000,0.100000000000,0.400000000000,0.000000000000,0.200000000000,0.320780814220,0.105685997181,0.380657675785,0.000000000000,0.192875512814
2011-11-30,0.320780814220,0.105685997181,0.380657675785,0.000000000000,0.192875512814,0.319896213579,0.103521438955,0.383367078530,0.000000000000,0.193215268935
2011-12-31,0.319896213579,0.103521438955,0.383367078530,0.000000000000,0.193215268935,0.320415185742,0.100385322111,0.387572226090,0.000000000000,0.191627266057
2012-01-31,0.300000000000,0.100000000000,0.400000000000,0.000000000000,0.200000000000,0.306916057788,0.102923368595,0.394456076810,0.000000000000,0.195704496807
2012-02-29,0.306916057788,0.102923368595,0.394456076810,0.000000000000,0.195704496807,0.315915448217,0.106441391883,0.384852018212,0.000000000000,0.192791141688
2012-03-31,0.315915448217,0.106441391883,0.384852018212,0.000000000000,0.192791141688,0.324668557011,0.106427788491,0.377092741115,0.000000000000,0.191810913383
2012-04-30,0.300000000000,0.100000000000,0.487185743019,0.000000000000,0.112814256981,0.295523051635,0.097110068981,0.495263613649,0.000000000000,0.112103265736
2012-05-31,0.295523051635,0.097110068981,0.495263613649,0.000000000000,0.112103265736,0.281803527679,0.087539294416,0.516863530890,0.000000000000,0.113793647016
2012-06-30,0.281803527679,0.087539294416,0.516863530890,0.000000000000,0.113793647016,0.288806291370,0.092288353609,0.506940812523,0.000000000000,0.111964542498
2012-07-31,0.300000000000,0.100000000000,0.488016906143,0.000000000000,0.111983093857,0.300331111937,0.099019167457,0.489609384504,0.000000000000,0.111040336102
2012-08-31,0.300331111937,0.099019167457,0.489609384504,0.000000000000,0.111040336102,0.304769113485,0.101163375255,0.484132521942,0.000000000000,0.109934989318
2012-09-30,0.304769113485,0.101163375255,0.484132521942,0.000000000000,0.109934989318,0.309768363469,0.103001421715,0.478236464535,0.000000000000,0.108993750280
2012-10-31,0.300000000000,0.100000000000,0.488820049484,0.000000000000,0.111179950516,0.296430969769,0.101743152224,0.490009247150,0.000000000000,0.111816630858
2012-11-30,0.296430969769,0.101743152224,0.490009247150,0.000000000000,0.111816630858,0.295352615844,0.103605729782,0.490232502634,0.000000000000,0.110809151740
2012-12-31,0.295352615844,0.103605729782,0.490232502634,0.000000000000,0.110809151740,0.297219875089,0.107864887043,0.484365445127,0.000000000000,0.110549792741
2013-01-31,0.300000000000,0.100000000000,0.500000000000,0.000000000000,0.100000000000,0.311423333677,0.102434543642,0.487377829552,0.000000000000,0.098764293129
2013-02-28,0.311423333677,0.102434543642,0.487377829552,0.000000000000,0.098764293129,0.312821392227,0.100288935996,0.488872637071,0.000000000000,0.098017034706
2013-03-31,0.312821392227,0.100288935996,0.488872637071,0.000000000000,0.098017034706,0.320020251087,0.100133947427,0.483209335722,0.000000000000,0.096636465763
2013-04-30,0.300000000000,0.100000000000,0.500000000000,0.000000000000,0.100000000000,0.300216429462,0.103113406637,0.498416927165,0.000000000000,0.098253236736
2013-05-31,0.300216429462,0.103113406637,0.498416927165,0.000000000000,0.098253236736,0.310921393237,0.101177309055,0.488624598337,0.000000000000,0.099276699371
2013-06-30,0.310921393237,0.101177309055,0.488624598337,0.000000000000,0.099276699371,0.312840550449,0.100415675456,0.485602932606,0.000000000000,0.101140841490
2013-07-31,0.300000000000,0.100000000000,0.402195358849,0.000000000000,0.197804641151,0.309398763662,0.103285087034,0.393023057207,0.000000000000,0.194293092097
2013-08-31,0.309398763662,0.103285087034,0.393023057207,0.000000000000,0.194293092097,0.305333978569,0.103025134107,0.394163968530,0.000000000000,0.197476918793
2013-09-30,0.305333978569,0.103025134107,0.394163968530,0.000000000000,0.197476918793,0.307181444613,0.108330627264,0.391481015169,0.000000000000,0.193006912954
2013-10-31,0.300000000000,0.100000000000,0.400000000000,0.000000000000,0.200000000000,0.307616442292,0.101195769675,0.395051768282,0.000000000000,0.196136019751
2013-11-30,0.307616442292,0.101195769675,0.395051768282,0.000000000000,0.196136019751,0.314721771817,0.101102514953,0.389103080554,0.000000000000,0.195072632675
2013-12-31,0.314721771817,0.101102514953,0.389103080554,0.000000000000,0.195072632675,0.322275903224,0.103108922631,0.380253856924,0.000000000000,0.194361317220
2014-01-31,0.300000000000,0.100000000000,0.400000000000,0.000000000000,0.200000000000,0.290331235315,0.095095437561,0.413543157004,0.000000000000,0.201030170120
2014-02-28,0.290331235315,0.095095437561,0.413543157004,0.000000000000,0.201030170120,0.297418551696,0.098888596785,0.406643762418,0.000000000000,0.197049089101
2014-03-31,0.297418551696,0.098888596785,0.406643762418,0.000000000000,0.197049089101,0.300030662737,0.098482046107,0.404557519966,0.000000000000,0.196929771191
2014-04-30,0.300000000000,0.100000000000,0.400000000000,0.000000000000,0.200000000000,0.299985246257,0.100959871725,0.400231304610,0.000000000000,0.198823577407
2014-05-31,0.299985246257,0.100959871725,0.400231304610,0.000000000000,0.198823577407,0.302043614722,0.100932152625,0.401026983882,0.000000000000,0.195997248770
2014-06-30,0.302043614722,0.100932152625,0.401026983882,0.000000000000,0.195997248770,0.306397876774,0.101239813486,0.397715641460,0.000000000000,0.194646668281
2014-07-31,0.300000000000,0.100000000000,0.400000000000,0.000000000000,0.200000000000,0.298256529918,0.098149384865,0.402202972759,0.000000000000,0.201391112458
2014-08-31,0.298256529918,0.098149384865,0.402202972759,0.000000000000,0.201391112458,0.303982334664,0.096409229927,0.401776569980,0.000000000000,0.197831865429
2014-09-30,0.303982334664,0.096409229927,0.401776569980,0.000000000000,0.197831865429,0.303521314581,0.093820015348,0.402510317856,0.000000000000,0.200148352216
2014-10-31,0.300000000000,0.100000000000,0.400000000000,0.000000000000,0.200000000000,0.302985361898,0.098409679697,0.400748521912,0.000000000000,0.197856436493
2014-11-30,0.302985361898,0.098409679697,0.400748521912,0.000000000000,0.197856436493,0.307084275291,0.097134909170,0.400404241990,0.000000000000,0.195376573548
2014-12-31,0.307084275291,0.097134909170,0.400404241990,0.000000000000,0.195376573548,0.307755078358,0.093697944156,0.402820155256,0.000000000000,0.195726822231
2015-01-31,0.300000000000,0.100000000000,0.400000000000,0.000000000000,0.200000000000,0.288171857239,0.099608541683,0.412996478513,0.000000000000,0.199223122565
2015-02-28,0.288171857239,0.099608541683,0.412996478513,0.000000000000,0.199223122565,0.300841889466,0.104694282879,0.398121511577,0.000000000000,0.196342316077
2015-03-31,0.300841889466,0.104694282879,0.398121511577,0.000000000000,0.196342316077,0.296806510052,0.103438948326,0.402464644848,0.000000000000,0.197289896775
2015-04-30,0.300000000000,0.100000000000,0.400000000000,0.000000000000,0.200000000000,0.301704531238,0.103220470831,0.395833908460,0.000000000000,0.199241089471
2015-05-31,0.301704531238,0.103220470831,0.395833908460,0.000000000000,0.199241089471,0.304816888584,0.103162766978,0.393197078681,0.000000000000,0.198823265758
2015-06-30,0.304816888584,0.103162766978,0.393197078681,0.000000000000,0.198823265758,0.303406458536,0.101546066047,0.392976728693,0.000000000000,0.202070746724
2015-07-31,0.300000000000,0.100000000000,0.400000000000,0.000000000000,0.200000000000,0.302251448818,0.100526749321,0.400083733781,0.000000000000,0.197138068080
2015-08-31,0.302251448818,0.100526749321,0.400083733781,0.000000000000,0.197138068080,0.291306462777,0.095514147446,0.410948174903,0.000000000000,0.202231214874
2015-09-30,0.291306462777,0.095514147446,0.410948174903,0.000000000000,0.202231214874,0.285175879655,0.091712369269,0.419353144657,0.000000000000,0.203758606419
2015-10-31,0.300000000000,0.100000000000,0.375624989938,0.024375010062,0.200000000000,0.316033264533,0.103505646327,0.362357691826,0.024205145354,0.193898251961
2015-11-30,0.316033264533,0.103505646327,0.362357691826,0.024205145354,0.193898251961,0.318241448921,0.103067551082,0.362005793821,0.022645732661,0.194039473515
2015-12-31,0.318241448921,0.103067551082,0.362005793821,0.022645732661,0.194039473515,0.315879730449,0.101674260288,0.363981891538,0.022769739803,0.195694377922
2016-01-31,0.300000000000,0.100000000000,0.389234203422,0.010765796578,0.200000000000,0.286666858994,0.095013569229,0.404471529256,0.011412146661,0.202435895861
2016-02-29,0.286666858994,0.095013569229,0.404471529256,0.011412146661,0.202435895861,0.285266453780,0.091472155054,0.408814182255,0.012608099729,0.201839109182
2016-03-31,0.285266453780,0.091472155054,0.408814182255,0.012608099729,0.201839109182,0.296997192955,0.095104771613,0.398536187606,0.012195580711,0.197166267115
2016-04-30,0.300000000000,0.100000000000,0.383324818931,0.016675181069,0.200000000000,0.300063020023,0.101841939593,0.381303756936,0.017461946754,0.199329336693
2016-05-31,0.300063020023,0.101841939593,0.381303756936,0.017461946754,0.199329336693,0.304154633471,0.101417055559,0.379661156757,0.016335677795,0.198431476418
2016-06-30,0.304154633471,0.101417055559,0.379661156757,0.016335677795,0.198431476418,0.301298908797,0.097694603509,0.386365920623,0.017572691188,0.197067875883
2016-07-31,0.299726704225,0.100273295775,0.377168607176,0.022831392824,0.200000000000,0.305703291061,0.102598293249,0.372067713747,0.022913135112,0.196717566831
2016-08-31,0.305703291061,0.102598293249,0.372067713747,0.022913135112,0.196717566831,0.307315446143,0.103566219726,0.369804055684,0.022257258519,0.197057019928
2016-09-30,0.307315446143,0.103566219726,0.369804055684,0.022257258519,0.197057019928,0.306509072732,0.104669239329,0.369687914800,0.022350563991,0.196783209148
2016-10-31,0.270101710636,0.129898289364,0.399108105224,0.000891894776,0.200000000000,0.269091643701,0.128778048836,0.398583004880,0.000877607140,0.202669695443
2016-11-30,0.269091643701,0.128778048836,0.398583004880,0.000877607140,0.202669695443,0.281895648876,0.127794671799,0.385689639567,0.000812603355,0.203807436403
2016-12-31,0.281895648876,0.127794671799,0.385689639567,0.000812603355,0.203807436403,0.285087829716,0.130102028735,0.381853858424,0.000790052041,0.202166231085
2017-01-31,0.295910357353,0.104089642647,0.400000000000,0.000000000000,0.200000000000,0.298278937962,0.106470787309,0.396982467565,0.000000000000,0.198267807164
2017-02-28,0.298278937962,0.106470787309,0.396982467565,0.000000000000,0.198267807164,0.305137060119,0.106048840685,0.393584235497,0.000000000000,0.195229863699
2017-03-31,0.305137060119,0.106048840685,0.393584235497,0.000000000000,0.195229863699,0.304225328985,0.109012631076,0.392234234173,0.000000000000,0.194527805767
2017-04-30,0.279463864553,0.120536135447,0.400000000000,0.000000000000,0.200000000000,0.279303699657,0.122174628235,0.400230478463,0.000000000000,0.198291193645
2017-05-31,0.279303699657,0.122174628235,0.400230478463,0.000000000000,0.198291193645,0.279963279725,0.125036533293,0.398863111745,0.000000000000,0.196137075237
2017-06-30,0.279963279725,0.125036533293,0.398863111745,0.000000000000,0.196137075237,0.281756639802,0.125410525529,0.396842968554,0.000000000000,0.195989866116
2017-07-31,0.290769380628,0.109230619372,0.400000000000,0.000000000000,0.200000000000,0.293590867186,0.110936765930,0.397230746008,0.000000000000,0.198241620876
2017-08-31,0.293590867186,0.110936765930,0.397230746008,0.000000000000,0.198241620876,0.292401435481,0.110116489059,0.400219822149,0.000000000000,0.197262253312
2017-09-30,0.292401435481,0.110116489059,0.400219822149,0.000000000000,0.197262253312,0.297592309058,0.112452335695,0.393523836661,0.000000000000,0.196431518586
2017-10-31,0.298807148606,0.101192851394,0.397370608890,0.002629391110,0.200000000000,0.303484957923,0.102097125444,0.393555003843,0.002589545211,0.198273367580
2017-11-30,0.303484957923,0.102097125444,0.393555003843,0.002589545211,0.198273367580,0.310136884760,0.101938392260,0.389162954192,0.002576967200,0.196184801588
2017-12-31,0.310136884760,0.101938392260,0.389162954192,0.002576967200,0.196184801588,0.312066344578,0.102710445218,0.387606777624,0.002615874891,0.195000557688
2018-01-31,0.298106678301,0.101893321699,0.400000000000,0.000000000000,0.200000000000,0.310945327671,0.105662514529,0.386474137521,0.000000000000,0.196918020279
2018-02-28,0.310945327671,0.105662514529,0.386474137521,0.000000000000,0.196918020279,0.305822280486,0.102628888775,0.390769580796,0.000000000000,0.200779249943
2018-03-31,0.305822280486,0.102628888775,0.390769580796,0.000000000000,0.200779249943,0.298703572605,0.102199695053,0.396965760934,0.000000000000,0.202130971407
2018-04-30,0.284999726199,0.115000273801,0.400000000000,0.000000000000,0.200000000000,0.287148331246,0.117025077726,0.395825574484,0.000000000000,0.200001016543
2018-05-31,0.287148331246,0.117025077726,0.395825574484,0.000000000000,0.200001016543,0.291397845643,0.113742429502,0.396017531217,0.000000000000,0.198842193638
2018-06-30,0.291397845643,0.113742429502,0.396017531217,0.000000000000,0.198842193638,0.292856476169,0.111857640272,0.396505285488,0.000000000000,0.198780598072
2018-07-31,0.270504340044,0.129495659956,0.400000000000,0.000000000000,0.200000000000,0.277340759514,0.131676795363,0.393371761494,0.000000000000,0.197610683628
2018-08-31,0.277340759514,0.131676795363,0.393371761494,0.000000000000,0.197610683628,0.283196428759,0.127384762117,0.393199407540,0.000000000000,0.196219401584
2018-09-30,0.283196428759,0.127384762117,0.393199407540,0.000000000000,0.196219401584,0.285481304920,0.128885727388,0.389280846110,0.000000000000,0.196352121582
2018-10-31,0.247042551592,0.152957448408,0.400000000000,0.000000000000,0.200000000000,0.237185724834,0.144924959185,0.411298835541,0.000000000000,0.206590480440
2018-11-30,0.237185724834,0.144924959185,0.411298835541,0.000000000000,0.206590480440,0.238867861230,0.144005963401,0.412081357766,0.000000000000,0.205044817603
2018-12-31,0.238867861230,0.144005963401,0.412081357766,0.000000000000,0.205044817603,0.221292924857,0.138465077064,0.430360342040,0.000000000000,0.209881656039
2019-01-31,0.224326612023,0.175673387977,0.400000000000,0.000000000000,0.200000000000,0.234608807472,0.181392333936,0.389850829092,0.000000000000,0.194148029500
2019-02-28,0.234608807472,0.181392333936,0.389850829092,0.000000000000,0.194148029500,0.239738701161,0.184092984949,0.383838979699,0.000000000000,0.192329334191
2019-03-31,0.239738701161,0.184092984949,0.383838979699,0.000000000000,0.192329334191,0.239897406169,0.182600835467,0.387281809982,0.000000000000,0.190219948382
2019-04-30,0.203833283824,0.196166716176,0.400000000000,0.000000000000,0.200000000000,0.209568859792,0.199446855175,0.393064929437,0.000000000000,0.197919355595
2019-05-31,0.209568859792,0.199446855175,0.393064929437,0.000000000000,0.197919355595,0.198184490269,0.191320269261,0.409135404828,0.000000000000,0.201359835643
2019-06-30,0.198184490269,0.191320269261,0.409135404828,0.000000000000,0.201359835643,0.205599894527,0.196536031634,0.401660133245,0.000000000000,0.196203940594
2019-07-31,0.200000000000,0.200000000000,0.400000000000,0.000000000000,0.200000000000,0.203195727645,0.196271165314,0.400491760191,0.000000000000,0.200041346850
2019-08-31,0.203195727645,0.196271165314,0.400491760191,0.000000000000,0.200041346850,0.197773961829,0.190549203783,0.412109359112,0.000000000000,0.199567475276
2019-09-30,0.197773961829,0.190549203783,0.412109359112,0.000000000000,0.199567475276,0.200674759085,0.195654478678,0.405307707351,0.000000000000,0.198363054886
2019-10-31,0.200000000000,0.200000000000,0.400000000000,0.000000000000,0.200000000000,0.201881984465,0.204209882324,0.395774076853,0.000000000000,0.198134056357
2019-11-30,0.201881984465,0.204209882324,0.395774076853,0.000000000000,0.198134056357,0.207777580838,0.205117753229,0.390401007024,0.000000000000,0.196703658910
2019-12-31,0.207777580838,0.205117753229,0.390401007024,0.000000000000,0.196703658910,0.211936219953,0.209405896215,0.383380123935,0.000000000000,0.195277759898
2020-01-31,0.200000000000,0.200000000000,0.400000000000,0.000000000000,0.200000000000,0.198078132264,0.192564896598,0.410051462017,0.000000000000,0.199305509122
2020-02-29,0.198078132264,0.192564896598,0.410051462017,0.000000000000,0.199305509122,0.185502888323,0.180636025350,0.429385075738,0.000000000000,0.204476010588
2020-03-31,0.185502888323,0.180636025350,0.429385075738,0.000000000000,0.204476010588,0.167379903283,0.159972203194,0.459199463101,0.000000000000,0.213448430422
2020-04-30,0.200000000000,0.200000000000,0.400000000000,0.000000000000,0.200000000000,0.217003529957,0.203754110746,0.386165006308,0.000000000000,0.193077352989
2020-05-31,0.217003529957,0.203754110746,0.386165006308,0.000000000000,0.193077352989,0.222337871140,0.210082702758,0.378900532815,0.000000000000,0.188678893287
2020-06-30,0.222337871140,0.210082702758,0.378900532815,0.000000000000,0.188678893287,0.223702745444,0.214981503639,0.374743493017,0.000000000000,0.186572257900
2020-07-31,0.200000000000,0.200000000000,0.421955385785,0.000000000000,0.178044614215,0.207742767491,0.199991981432,0.417449952099,0.000000000000,0.174815298979
2020-08-31,0.207742767491,0.199991981432,0.417449952099,0.000000000000,0.174815298979,0.217915957892,0.205358367526,0.405353318618,0.000000000000,0.171372355964
2020-09-30,0.217915957892,0.205358367526,0.405353318618,0.000000000000,0.171372355964,0.212097183675,0.203399881263,0.411220181339,0.000000000000,0.173282753722
2020-10-31,0.200000000000,0.200000000000,0.447820203624,0.000000000000,0.152179796376,0.198656999350,0.196502899150,0.449888591840,0.000000000000,0.154951509660
2020-11-30,0.198656999350,0.196502899150,0.449888591840,0.000000000000,0.154951509660,0.209536859516,0.213604995549,0.429422092526,0.000000000000,0.147436052409
2020-12-31,0.209536859516,0.213604995549,0.429422092526,0.000000000000,0.147436052409,0.213560032759,0.220457470925,0.421025159225,0.000000000000,0.144957337091
2021-01-31,0.200000000000,0.200000000000,0.401224937236,0.000000000000,0.198775062764,0.199545563772,0.200024968028,0.400017840760,0.000000000000,0.200411627439
2021-02-28,0.199545563772,0.200024968028,0.400017840760,0.000000000000,0.200411627439,0.205000720178,0.204408280146,0.390386489737,0.000000000000,0.200204509939
2021-03-31,0.205000720178,0.204408280146,0.390386489737,0.000000000000,0.200204509939,0.213237334533,0.208498953349,0.379169853072,0.000000000000,0.199093859046
2021-04-30,0.200000000000,0.200000000000,0.400000000000,0.000000000000,0.200000000000,0.206330576074,0.201747732487,0.395848309672,0.000000000000,0.196073381767
2021-05-31,0.206330576074,0.201747732487,0.395848309672,0.000000000000,0.196073381767,0.205592332309,0.206669189020,0.393524011843,0.000000000000,0.194214466828
2021-06-30,0.205592332309,0.206669189020,0.393524011843,0.000000000000,0.194214466828,0.208934202547,0.203206988908,0.395147939094,0.000000000000,0.192710869451
2021-07-31,0.200000000000,0.200000000000,0.400000000000,0.000000000000,0.200000000000,0.201909959223,0.198622447265,0.402042108764,0.000000000000,0.197425484748
2021-08-31,0.201909959223,0.198622447265,0.402042108764,0.000000000000,0.197425484748,0.206425859102,0.200049188484,0.397580722472,0.000000000000,0.195944229941
2021-09-30,0.206425859102,0.200049188484,0.397580722472,0.000000000000,0.195944229941,0.201374873760,0.198018210634,0.400315250067,0.000000000000,0.200291665539
2021-10-31,0.200000000000,0.200000000000,0.400000000000,0.000000000000,0.200000000000,0.210259009689,0.202719758666,0.391206767521,0.000000000000,0.195814464124
2021-11-30,0.210259009689,0.202719758666,0.391206767521,0.000000000000,0.195814464124,0.209980983347,0.194836558314,0.398155435746,0.000000000000,0.197027022593
2021-12-31,0.209980983347,0.194836558314,0.398155435746,0.000000000000,0.197027022593,0.216283172541,0.200235694238,0.389923120828,0.000000000000,0.193558012393
2022-01-31,0.200000000000,0.200000000000,0.400000000000,0.000000000000,0.200000000000,0.194839026898,0.198210534398,0.402681896724,0.000000000000,0.204268541980
2022-02-28,0.194839026898,0.198210534398,0.402681896724,0.000000000000,0.204268541980,0.191900344664,0.194260530981,0.407428268686,0.000000000000,0.206410855668
2022-03-31,0.191900344664,0.194260530981,0.407428268686,0.000000000000,0.206410855668,0.201372758469,0.197483850799,0.395317265834,0.000000000000,0.205826124898
2022-04-30,0.200000000000,0.200000000000,0.400000000000,0.000000000000,0.200000000000,0.191834375682,0.196119670548,0.402799480276,0.000000000000,0.209246473495
2022-05-31,0.191834375682,0.196119670548,0.402799480276,0.000000000000,0.209246473495,0.190725151622,0.198429565289,0.402039700321,0.000000000000,0.208805582768
2022-06-30,0.190725151622,0.198429565289,0.402039700321,0.000000000000,0.208805582768,0.181879292726,0.188152741030,0.414241201317,0.000000000000,0.215726764926
2022-07-31,0.200000000000,0.200000000000,0.400000000000,0.000000000000,0.200000000000,0.209730365065,0.201971887459,0.395465306675,0.000000000000,0.192832440802
2022-08-31,0.209730365065,0.201971887459,0.395465306675,0.000000000000,0.192832440802,0.209057424267,0.197049092567,0.395126666533,0.000000000000,0.198766816632
2022-09-30,0.209057424267,0.197049092567,0.395126666533,0.000000000000,0.198766816632,0.201536373279,0.190007306768,0.399839248380,0.000000000000,0.208617071573
2022-10-31,0.200000000000,0.200000000000,0.400000000000,0.000000000000,0.200000000000,0.211605959011,0.207230531958,0.385709441414,0.000000000000,0.195454067616
2022-11-30,0.211605959011,0.207230531958,0.385709441414,0.000000000000,0.195454067616,0.211857019322,0.222431806357,0.379044548209,0.000000000000,0.186666626112
2022-12-31,0.211857019322,0.222431806357,0.379044548209,0.000000000000,0.186666626112,0.204068620784,0.223235043387,0.381672013251,0.000000000000,0.191024322578
2023-01-31,0.200000000000,0.200000000000,0.400000000000,0.000000000000,0.200000000000,0.203139298463,0.208328072074,0.395929040866,0.000000000000,0.192603588597
2023-02-28,0.203139298463,0.208328072074,0.395929040866,0.000000000000,0.192603588597,0.203321295051,0.207315842464,0.393208441697,0.000000000000,0.196154420788
2023-03-31,0.203321295051,0.207315842464,0.393208441697,0.000000000000,0.196154420788,0.204343494177,0.207195391875,0.395236118744,0.000000000000,0.193224995205
2023-04-30,0.200000000000,0.200000000000,0.400000000000,0.000000000000,0.200000000000,0.200624125186,0.203267746627,0.398156819769,0.000000000000,0.197951308418
2023-05-31,0.200624125186,0.203267746627,0.398156819769,0.000000000000,0.197951308418,0.204348162444,0.197831355598,0.397877597454,0.000000000000,0.199942884505
2023-06-30,0.204348162444,0.197831355598,0.397877597454,0.000000000000,0.199942884505,0.214141814049,0.203399452323,0.386657472288,0.000000000000,0.195801261340
2023-07-31,0.233472161055,0.166527838945,0.381715520151,0.018284479849,0.200000000000,0.238565713429,0.169221895614,0.375219340785,0.018505245757,0.198487804414
2023-08-31,0.238565713429,0.169221895614,0.375219340785,0.018505245757,0.198487804414,0.237707577426,0.164654238457,0.377268337867,0.018503800951,0.201866045299
2023-09-30,0.237707577426,0.164654238457,0.377268337867,0.018503800951,0.201866045299,0.233474955039,0.163580823774,0.376792660956,0.018171051451,0.207980508780
2023-10-31,0.256989627830,0.143010372170,0.354125555153,0.045874444847,0.200000000000,0.254595039370,0.140619091992,0.351697770302,0.049880370462,0.203207727875
2023-11-30,0.254595039370,0.140619091992,0.351697770302,0.049880370462,0.203207727875,0.263557704528,0.144348074872,0.348799920795,0.048512154344,0.194782145460
2023-12-31,0.263557704528,0.144348074872,0.348799920795,0.048512154344,0.194782145460,0.266094712965,0.146832319105,0.349485875125,0.047441164352,0.190145928454
2024-01-31,0.227397767978,0.172602232022,0.323323109253,0.076676890747,0.200000000000,0.230415575205,0.171374297384,0.322712307490,0.075388356238,0.200109463683
2024-02-29,0.230415575205,0.171374297384,0.322712307490,0.075388356238,0.200109463683,0.240042251011,0.174746305308,0.312865769985,0.074983325704,0.197362347993
2024-03-31,0.240042251011,0.174746305308,0.312865769985,0.074983325704,0.197362347993,0.242265299105,0.176549862575,0.308006104242,0.079633569509,0.193545164568
2024-04-30,0.226998181143,0.173001818857,0.338383786821,0.061616213179,0.200000000000,0.223292996523,0.171576694527,0.335989719007,0.065045020026,0.204095569917
2024-05-31,0.223292996523,0.171576694527,0.335989719007,0.065045020026,0.204095569917,0.228076407569,0.175255915384,0.332545158743,0.064263571538,0.199858946766
2024-06-30,0.228076407569,0.175255915384,0.332545158743,0.064263571538,0.199858946766,0.233809827648,0.170368943811,0.333294748431,0.063548300702,0.198978179408
2024-07-31,0.223677921212,0.176322078788,0.283089412920,0.116910587080,0.200000000000,0.221055919992,0.176632338600,0.284432424660,0.120284868714,0.197594448034
2024-08-31,0.221055919992,0.176632338600,0.284432424660,0.120284868714,0.197594448034,0.221996239947,0.178984882293,0.282876866509,0.120508158901,0.195633852350
2024-09-30,0.221996239947,0.178984882293,0.282876866509,0.120508158901,0.195633852350,0.222734409746,0.177263374812,0.281821740820,0.124447763310,0.193732711312
2024-10-31,0.245268522031,0.154731477969,0.276666057260,0.123333942740,0.200000000000,0.246948227953,0.148904693052,0.271548018000,0.130683627028,0.201915433966
2024-11-30,0.246948227953,0.148904693052,0.271548018000,0.130683627028,0.201915433966,0.258177869710,0.146451266324,0.270654653251,0.124909145884,0.199807064830
2024-12-31,0.258177869710,0.146451266324,0.270654653251,0.124909145884,0.199807064830,0.256559613389,0.144721855464,0.269364881291,0.125394445972,0.203959203884
2025-01-31,0.254993258658,0.145006741342,0.250000000000,0.150000000000,0.200000000000,0.255134999881,0.148076092638,0.245098743151,0.156075806443,0.195614357887
2025-02-28,0.255134999881,0.148076092638,0.245098743151,0.156075806443,0.195614357887,0.248840997625,0.150599931870,0.248904970486,0.156991513865,0.194662586153
2025-03-31,0.248840997625,0.150599931870,0.248904970486,0.156991513865,0.194662586153,0.234284360728,0.150432893292,0.249021218388,0.171316268785,0.194945258807
2025-04-30,0.271720555961,0.128279444039,0.252663413662,0.147336586338,0.200000000000,0.265470293868,0.131096301880,0.251640230674,0.153083051721,0.198710121857
2025-05-31,0.265470293868,0.131096301880,0.251640230674,0.153083051721,0.198710121857,0.276824152635,0.134781638685,0.243826565931,0.150107409868,0.194460232881
2025-06-30,0.276824152635,0.134781638685,0.243826565931,0.150107409868,0.194460232881,0.284475794815,0.134894368314,0.242137634975,0.147311694828,0.191180507068
2025-07-31,0.294986779165,0.105013220835,0.250000000000,0.150000000000,0.200000000000,0.301175984819,0.102610333283,0.248017122051,0.148781029987,0.199415529860
2025-08-31,0.301175984819,0.102610333283,0.248017122051,0.148781029987,0.199415529860,0.300122772302,0.104729070961,0.246171894028,0.152525439301,0.196450823408
2025-09-30,0.300122772302,0.104729070961,0.246171894028,0.152525439301,0.196450823408,0.300896676596,0.103482351515,0.239869411512,0.165021443602,0.190730116776
2025-10-31,0.300000000000,0.100000000000,0.287391110992,0.112608889008,0.200000000000,0.302591261559,0.099697116279,0.285138273430,0.114884981551,0.197688367181
2025-11-30,0.302591261559,0.099697116279,0.285138273430,0.114884981551,0.197688367181,0.299829056697,0.099325195490,0.284771939891,0.119713339675,0.196360468248
2025-12-31,0.299829056697,0.099325195490,0.284771939891,0.119713339675,0.196360468248,0.298889296344,0.101616579670,0.281494002178,0.121834592770,0.196165529038
2026-01-31,0.291709956705,0.108290043295,0.286788721895,0.113211278105,0.200000000000,0.289280596988,0.111019104922,0.279628551081,0.124216722512,0.195855024497
2026-02-28,0.289280596988,0.111019104922,0.279628551081,0.124216722512,0.195855024497,0.280773856244,0.113700101883,0.280533704719,0.132219863163,0.192772473991
2026-03-31,0.280773856244,0.113700101883,0.280533704719,0.132219863163,0.192772473991,0.279423607593,0.109712306183,0.286872601029,0.123122178111,0.200869307084
2026-04-30,0.292197611820,0.107802388180,0.352616672356,0.047383327644,0.200000000000,0.311800615615,0.109661160996,0.339990541138,0.045050442338,0.193497239912
2026-05-31,0.311800615615,0.109661160996,0.339990541138,0.045050442338,0.193497239912,0.322262067716,0.110283835429,0.333766279414,0.043551271089,0.190136546351
2026-06-30,0.322262067716,0.110283835429,0.333766279414,0.043551271089,0.190136546351,0.321090918043,0.111792628093,0.336855969980,0.038721117455,0.191539366429
2026-07-31,0.229427330961,0.170572669039,0.371879078538,0.028120921462,0.200000000000,0.229907078630,0.173666145573,0.367353551571,0.028411559295,0.200661664932
2026-08-31,0.229907078630,0.173666145573,0.367353551571,0.028411559295,0.200661664932,0.233077616829,0.174502858078,0.363122319750,0.030836077938,0.198461127406
2026-09-30,0.233077616829,0.174502858078,0.363122319750,0.030836077938,0.198461127406,0.237508914743,0.172497140706,0.358802525218,0.029397249053,0.201794170280
