,SPY,EFA,IEF,GLD,SHY
2005-01-31,-0.022420932568,-0.019032781544,0.008711538497,-0.036073014700,-0.000368927734
2005-02-28,0.020904091702,0.037850116986,-0.013684372690,0.031027890116,-0.002573951115
2005-03-31,-0.018292826163,-0.026233445267,-0.004034837264,-0.016310569823,0.000162208730
2005-04-30,-0.018734858650,-0.016176733836,0.025166047512,0.012377365322,0.005205368682
2005-05-31,0.032224161020,-0.008637446921,0.018381490892,-0.039215617257,0.003955100341
2005-06-30,0.001515153949,0.014327119905,0.004783880145,0.042977119694,0.002468263212
2005-07-31,0.038261135560,0.029967501030,-0.021870118867,-0.014272535716,-0.003751184736
2005-08-31,-0.009374074765,0.038361975494,0.020005415466,0.013545115254,0.006590835464
2005-09-30,0.008025088769,0.036944260274,-0.017522403524,0.076036846107,-0.002993201310
2005-10-31,-0.023651169144,-0.031841748422,-0.012392882318,-0.006423966427,-0.000819749735
2005-11-30,0.043952746764,0.023111643581,0.006254270036,0.058189587488,0.003895111438
2005-12-31,-0.001913401228,0.051825386640,0.013658718564,0.050509234908,0.003492153765
2006-01-31,0.024013999705,0.057715101867,-0.007031633528,0.099263256110,0.001746256999
2006-02-28,0.005725623969,-0.006999553437,-0.001034955901,-0.011111129800,0.000336347950
2006-03-31,0.016503969641,0.040051165206,-0.013579306501,0.036204722496,0.001740311782
2006-04-30,0.012631825408,0.047904907048,-0.006272437719,0.120309777063,0.002207745597
2006-05-31,-0.030121442198,-0.038218213243,-0.001067856829,-0.013212367942,0.001670783358
2006-06-30,0.002608719106,-0.000611367842,0.002296306785,-0.046707203143,0.002365023848
2006-07-31,0.004478293359,0.008105259669,0.016774543417,0.031520501708,0.006648588478
2006-08-31,0.021822349746,0.025485313341,0.017634372252,-0.013774523971,0.007520084034
2006-09-30,0.027001509441,0.002218931785,0.012075591627,-0.045272108739,0.004389511996
2006-10-31,0.031516788243,0.037490818209,0.005384773013,0.012947712157,0.004174186246
2006-11-30,0.019885225210,0.030729630431,0.013114883366,0.068891062343,0.004834389602
2006-12-31,0.013371326135,0.031972358879,-0.012755991072,-0.018325831905,0.000658722322
2007-01-31,0.015040174804,0.013930288252,-0.004003674184,0.025628900017,0.001625118494
2007-02-28,-0.019617407975,-0.001212177595,0.020550701430,0.025451202827,0.007269147960
2007-03-31,0.011588780608,0.028995215540,-0.001382035011,-0.011131249335,0.004507186208
2007-04-30,0.044295621005,0.037483729560,0.006064403907,0.020535420109,0.003056069808
2007-05-31,0.033920893633,0.023622957598,-0.013934758289,-0.023103227112,-0.000673463200
2007-06-30,-0.014621553054,-0.003208667040,-0.004676552445,-0.019377544320,0.004749789809
2007-07-31,-0.031309755897,-0.022904249664,0.022568193438,0.023650293323,0.009041944832
2007-08-31,0.012832784452,-0.006336044725,0.022630313197,0.011095846137,0.010487715771
2007-09-30,0.038714369291,0.053175634331,0.000883585292,0.105081266475,0.005519123676
2007-10-31,0.013566387129,0.042498968923,0.010769462351,0.069514358072,0.004779853556
2007-11-30,-0.038732747310,-0.036236771565,0.040476169253,-0.016535271004,0.017927680265
2007-12-31,-0.011260245961,-0.029812968106,0.000505729136,0.066476971158,0.002997571068
2008-01-31,-0.060461529242,-0.078471374189,0.033558957417,0.108416232606,0.016546124009
2008-02-29,-0.025842426554,-0.010229586134,0.012393163113,0.052297578769,0.010333504667
2008-03-31,-0.008942050595,0.004189983856,0.013373394149,-0.059991647169,0.002534140228
2008-04-30,0.047661974842,0.054381070667,-0.024175432140,-0.041588341820,-0.008374873067
2008-05-31,0.015116714726,0.011871896962,-0.017774641404,0.009232491729,-0.003461145098
2008-06-30,-0.083575811781,-0.087868383941,0.011459652166,0.045168721732,0.002454860577
2008-07-31,-0.008985741444,-0.033201746660,0.007205739942,-0.014442009549,0.004342304228
2008-08-31,0.015453374687,-0.042476423111,0.015266348217,-0.092917435351,0.004664074591
2008-09-30,-0.094173352135,-0.114362184675,-0.001403627232,0.041121045747,0.007779074433
2008-10-31,-0.165186690117,-0.208348215948,-0.008628044041,-0.161396537042,0.011047192010
2008-11-30,-0.069606856671,-0.063719680444,0.077537453343,0.125735936097,0.011052942440
2008-12-31,0.009796739997,0.088683917092,0.051562509797,0.077325355164,0.005630275560
2009-01-31,-0.082113959535,-0.137316077596,-0.038872263414,0.055362934598,-0.004370493782
2009-02-28,-0.107449424909,-0.103876108895,-0.007348668997,0.014456244991,-0.001449293432
2009-03-31,0.083310953605,0.083910002510,0.033135826506,-0.025369734900,0.004993376255
2009-04-30,0.099346325134,0.115190061921,-0.027451038408,-0.033340741880,-0.001651495126
2009-05-31,0.058453517148,0.131918077507,-0.020773607073,0.102326121791,0.000560377273
2009-06-30,-0.000656301314,-0.014049224135,-0.005570898025,-0.052182918943,-0.000942086386
2009-07-31,0.074606503846,0.100414976769,0.008316041319,0.023799058584,0.001100077923
2009-08-31,0.036939715105,0.045030640017,0.007634592784,0.000535651340,0.004091327178
2009-09-30,0.035457470839,0.037964969281,0.011243801020,0.058351144103,0.002362177790
2009-10-31,-0.019225325388,-0.025237808057,-0.001378775706,0.037228127081,0.001358940601
2009-11-30,0.061606578946,0.039212150501,0.020170715063,0.127865022593,0.005964149528
2009-12-31,0.019101180880,0.007096433861,-0.044026956197,-0.072033914519,-0.008406799224
2010-01-31,-0.036342682277,-0.050651481986,0.023701688474,-0.012580360682,0.007956756563
2010-02-28,0.031194790320,0.002667920485,0.003318691707,0.032748218674,0.001603381150
2010-03-31,0.060879805399,0.063854129390,-0.010568969710,-0.004386396378,-0.002691557437
2010-04-30,0.015470099837,-0.028046003481,0.016528342231,0.058834362934,0.003001407740
2010-05-31,-0.079454680168,-0.111927710386,0.029331089969,0.030513146883,0.004529411778
2010-06-30,-0.051740988412,-0.020619596125,0.030482940283,0.023553189068,0.004190319134
2010-07-31,0.068300651311,0.116104175039,0.009096171692,-0.050871157346,0.001938617874
2010-08-31,-0.044980183383,-0.037950250914,0.033560373060,0.057061252829,0.002389640850
2010-09-30,0.089554203949,0.099719342072,-0.000029975286,0.047755584400,0.001186617579
2010-10-31,0.038202028155,0.038055535802,-0.000071566759,0.036822698149,0.002193877087
2010-11-30,0.000000000000,-0.048237238027,-0.008981773286,0.021112978094,-0.002049180328
2010-12-31,0.066852354624,0.083080780459,-0.034308891198,0.024368653791,-0.001637328608
2011-01-31,0.023300098024,0.020954968622,-0.000212915806,-0.063797621292,0.001310352406
2011-02-28,0.034737583560,0.035498168046,-0.002084521991,0.059983128034,-0.001214884143
2011-03-31,0.000120023198,-0.023883030763,-0.001545166012,0.015981380864,-0.001299863667
2011-04-30,0.028961518614,0.056258254548,0.018411835187,0.089446549780,0.005342305294
2011-05-31,-0.011214619276,-0.022061301524,0.025056817580,-0.017916885312,0.003640039842
2011-06-30,-0.016869617663,-0.012107389053,-0.005044521369,-0.024325042799,-0.000047318509
2011-07-31,-0.020004293544,-0.023777905915,0.031694924551,0.084178036206,0.002860162045
2011-08-31,-0.054976038605,-0.087548959783,0.046513715512,0.122749439375,0.003447639958
2011-09-30,-0.069420458430,-0.108082817604,0.022370258883,-0.110623472468,-0.001015892978
2011-10-31,0.109147057603,0.096274848189,-0.012864885456,0.058711874748,0.000343371726
2011-11-30,-0.004063960207,-0.021764127096,0.005798440523,0.016672693952,0.000449298847
2011-12-31,0.010448416699,-0.021749511813,0.019877448125,-0.106624339441,0.000520557239
2012-01-31,0.046374494942,0.052695534481,0.008619704824,0.113954809129,0.000828347728
2012-02-29,0.043405609547,0.048331096076,-0.010998312731,-0.029649780550,-0.001407763096
2012-03-31,0.032163636810,0.004208007792,-0.015912780844,-0.013208340481,-0.000770089444
2012-04-30,-0.006675692049,-0.020768855099,0.025091911737,-0.001480324708,0.002017329109
2012-05-31,-0.060055652856,-0.111441845450,0.028694802741,-0.063380340105,0.000568508122
2012-06-30,0.040581178087,0.070433268993,-0.004142706617,0.023545755436,-0.000970677906
2012-07-31,0.011829500608,0.000800557548,0.014012092777,0.008376847937,0.002205020099
2012-08-31,0.025052833479,0.031999918739,-0.001173291334,0.049396098512,0.000070907413
2012-09-30,0.025350763621,0.027131995806,-0.003482845957,0.046705627280,0.000165816442
2012-10-31,-0.018198229431,0.010943024013,-0.003960054021,-0.029437416816,-0.000687276740
2012-11-30,0.005659850939,0.027809081170,0.009791454792,-0.004675410722,0.000237408967
2012-12-31,0.008934120779,0.043811560947,-0.009403395904,-0.024269790456,0.000248908688
2013-01-31,0.051190280069,0.037284477198,-0.012931694428,-0.005061148640,0.000118363610
2013-02-28,0.012759243915,-0.012885554413,0.011325320905,-0.050868468384,0.000604658875
2013-03-31,0.037970943659,0.013053759339,0.002867981298,0.009477104237,0.000330839081
2013-04-30,0.019211951301,0.050186526153,0.015252542588,-0.075623133095,0.000686804328
2013-05-31,0.023610014257,-0.030190652337,-0.031050998464,-0.061987853461,-0.001337275093
2013-06-30,-0.013344486883,-0.026778936092,-0.025461311330,-0.110588394273,-0.000984230907
2013-07-31,0.051676729645,0.053228409200,-0.003526118239,0.074301053050,0.001626549937
2013-08-31,-0.029992006142,-0.019552554653,-0.014225356529,0.052047484217,-0.000971833243
2013-09-30,0.031646344250,0.078249017553,0.018461897192,-0.047838379698,0.002230289511
2013-10-31,0.046306508076,0.032602076904,0.007777493378,-0.003432632526,0.000686402218
2013-11-30,0.029637495891,0.005464422859,-0.008762402776,-0.055111954229,0.000935504719
2013-12-31,0.025926556752,0.021761455121,-0.020906462729,-0.037945271893,-0.001774376122
2014-01-31,-0.035248128122,-0.052012078955,0.030632824580,0.034188714239,0.002015332850
2014-02-28,0.045515710392,0.061311338133,0.003574335947,0.062703028048,0.000390276872
2014-03-31,0.008295422401,-0.004592159007,-0.005610861363,-0.031421423366,-0.001088177071
2014-04-30,0.006951620205,0.016667062910,0.007583453677,0.004934880732,0.001077849178
2014-05-31,0.023206350712,0.015954385928,0.018253719870,-0.030510391872,0.001787377610
2014-06-30,0.020645055424,0.009207441528,-0.002167330231,0.063190176548,-0.000792597531
2014-07-31,-0.013437753181,-0.026034960416,-0.002205579727,-0.036316730243,-0.000768557602
2014-08-31,0.039463500859,0.001801991672,0.018802939886,0.003809070614,0.001859461882
2014-09-30,-0.013796490464,-0.038824746104,-0.010494742701,-0.061763293139,-0.000733177674
2014-10-31,0.023551164156,-0.002651399523,0.015362459017,-0.030548106448,0.002603812146
2014-11-30,0.027472061723,0.000625601874,0.012886612455,-0.004881972607,0.001051443579
2014-12-31,-0.002536738082,-0.039927604505,0.001294387413,0.013112132840,-0.002926634109
2015-01-31,-0.029629099054,0.006245695822,0.043022821822,0.086899057564,0.006276199826
2015-02-28,0.056204620156,0.063378084032,-0.024717084612,-0.059052194948,-0.002907412644
2015-03-31,-0.015705547036,-0.014285709579,0.008560635918,-0.021522037889,0.002491868904
2015-04-30,0.009833367807,0.036465795774,-0.006330082535,-0.001671673722,0.000317924759
2015-05-31,0.012856749800,0.001954453644,-0.004163313351,0.005552104051,0.000412544576
2015-06-30,-0.020311988369,-0.031182178045,-0.016309338157,-0.015162101233,0.000318363362
2015-07-31,0.022588868003,0.020318035141,0.015184147256,-0.066209862593,0.000447779491
2015-08-31,-0.060949845514,-0.074251271334,0.000790608811,0.037072328012,-0.000495498072
2015-09-30,-0.025516334269,-0.044188826219,0.015791891709,-0.018011386601,0.002950882035
2015-10-31,0.085059748225,0.066120150767,-0.006369034658,0.022833636791,-0.001412768535
2015-11-30,0.003655104677,-0.007527532672,-0.004276885625,-0.067520628333,-0.002583046582
2015-12-31,-0.017282317146,-0.023318819730,-0.004530378488,-0.004513334897,-0.001490924513
2016-01-31,-0.049786971438,-0.055177166048,0.033336353359,0.054109973520,0.006519691730
2016-02-29,-0.000825634050,-0.033345345753,0.014859834706,0.109303438756,0.001119371460
2016-03-31,0.067265988915,0.065821371690,-0.000660998907,-0.008428860461,0.001378636461
2016-04-30,0.003941096544,0.022218351010,-0.001561874097,0.051088083708,0.000364420966
2016-05-31,0.017011567782,-0.000855579611,-0.000991889408,-0.061382967033,-0.001189097993
2016-06-30,0.003475952298,-0.024194133975,0.030876152957,0.089695018793,0.006025801463
2016-07-31,0.036471588199,0.039770693547,0.002464895696,0.019846560312,-0.000469906696
2016-08-31,0.001197461065,0.005341135159,-0.010114075759,-0.032563165509,-0.002336160693
2016-09-30,0.000057744452,0.013367742882,0.002373821826,0.006892135108,0.001295490607
2016-10-31,-0.017336956513,-0.022154694376,-0.014946143410,-0.029449195847,-0.000482124285
2016-11-30,0.036838297222,-0.017813918460,-0.042272263258,-0.083565706392,-0.004699824733
2016-12-31,0.020271758672,0.027062521966,-0.001185656536,-0.019149882681,0.000723615636
2017-01-31,0.017894668837,0.032912102676,0.002193896973,0.054192157726,0.001065802853
2017-02-28,0.039291522553,0.011906708102,0.007236333231,0.031847686785,0.000366323096
2017-03-31,0.001250091455,0.032316938648,0.000806133197,-0.004277464748,0.000639388105
2017-04-30,0.009925901407,0.024241209910,0.011087285987,0.017267481480,0.001871249724
2017-05-31,0.014113060933,0.035423195699,0.008267356960,-0.001241979802,0.000733088734
2017-06-30,0.006375023743,0.002960494030,-0.005095077264,-0.021555347739,-0.000780997677
2017-07-31,0.020553934735,0.026533663355,0.003748607209,0.023131701700,0.001859764605
2017-08-31,0.002917986832,-0.000448174770,0.014575101902,0.041987575112,0.002022818024
2017-09-30,0.020149366930,0.023617462210,-0.014415169046,-0.033698918090,-0.001866237779
2017-10-31,0.023564087798,0.016792968025,-0.001889671468,-0.007484813690,-0.000913155952
2017-11-30,0.030565710550,0.006893885574,-0.002792602778,0.003563440057,-0.002161135454
2017-12-31,0.012127962792,0.013488305904,0.001847873927,0.021057003170,-0.000201677424
2018-01-31,0.056359551871,0.050206386474,-0.021502142730,0.032349372832,-0.002862845431
2018-02-28,-0.036360523415,-0.048347964531,-0.009328182728,-0.020759902031,-0.001006039796
2018-03-31,-0.027410689608,-0.008396226296,0.011557322331,0.006320007324,0.002471958344
2018-04-30,0.005168058518,0.015212343238,-0.012764679217,-0.009539745361,-0.002348102539
2018-05-31,0.024309082338,-0.018942311215,0.009860870939,-0.011959209468,0.003522989825
2018-06-30,0.005751148539,-0.015841167818,0.001974364671,-0.036149447631,0.000431801953
2018-07-31,0.037046583006,0.028520226897,-0.005277386818,-0.022418909633,-0.000600272555
2018-08-31,0.031919617758,-0.022357599037,0.010139773107,-0.021381117107,0.003467527947
2018-09-30,0.005945512954,0.009652449988,-0.012050518323,-0.006607347246,-0.001430704004
2018-10-31,-0.069104103823,-0.081335594924,-0.003030616630,0.021195453568,0.001531568277
2018-11-30,0.018549501414,0.004963426770,0.013300961190,0.003386881324,0.003809862420
2018-12-31,-0.088048616070,-0.053497743747,0.028042703303,0.049420105931,0.007598619597
2019-01-31,0.080065274512,0.066349182349,0.006525910823,0.028865979381,0.002511769345
2019-02-28,0.032416254599,0.025366933953,-0.005255351400,-0.006092201493,0.000860474267
2019-03-31,0.018100223006,0.009180032576,0.026552468177,-0.015968995577,0.006267994601
2019-04-30,0.040852545944,0.029293974166,-0.005186054872,-0.006638842503,0.001834151108
2019-05-31,-0.063771307593,-0.050329770592,0.030485297899,0.017574298155,0.007218312122
2019-06-30,0.069586285313,0.059116664352,0.012171878372,0.080029149198,0.004609960027
2019-07-31,0.015119814562,-0.019473729851,0.000383044591,0.000075148392,-0.000638757159
2019-08-31,-0.016743563980,-0.019239663286,0.039515929941,0.079123134561,0.007818322806
2019-09-30,0.019458076883,0.031640514750,-0.011860821201,-0.033947860054,-0.001342060417
2019-10-31,0.022104561157,0.033890432126,0.001878622829,0.025635469747,0.003129245334
2019-11-30,0.036198307115,0.011272631301,-0.006871734037,-0.032085882893,-0.000471767567
2019-12-31,0.029055204717,0.029954003386,-0.009280208055,0.036558778934,0.001549736553
2020-01-31,-0.000403348838,-0.028225763386,0.034657545364,0.044996558497,0.005790579705
2020-02-29,-0.079165991192,-0.077652755615,0.029617196619,-0.006361728632,0.008765606231
2020-03-31,-0.124871402688,-0.141066785805,0.037226646963,-0.002224031677,0.012441274070
2020-04-30,0.126983813623,0.058174421473,0.002752608639,0.072610603029,0.002725861825
2020-05-31,0.047645133570,0.054269086234,0.003274687827,0.025881615437,-0.000783632172
2020-06-30,0.017734241843,0.035111933945,0.000426990810,0.027377026302,0.000230890287
2020-07-31,0.058892098504,0.019385326672,0.008541262921,0.107904630970,0.000936177935
2020-08-31,0.069796840436,0.047220196270,-0.009698341144,-0.003235673130,-0.000231338893
2020-09-30,-0.037443435934,-0.020467873276,0.003277517300,-0.041714043378,-0.000011590135
2020-10-31,-0.024933764840,-0.035506714086,-0.013807853585,-0.005194208414,-0.000462585073
2020-11-30,0.108776903156,0.142694282597,0.003383637748,-0.054086259616,0.000219906562
2020-12-31,0.037048338773,0.050153701598,-0.002384664027,0.070138612647,0.000405244957
2021-01-31,-0.010190290249,-0.007812292070,-0.010920793401,-0.032238169883,0.000231767749
2021-02-28,0.027805394733,0.022378852653,-0.023633204401,-0.062568814168,-0.000578875000
2021-03-31,0.045399217279,0.025131803411,-0.023857250155,-0.011433105943,-0.000556333227
2021-04-30,0.052910466337,0.029524092540,0.010012273186,0.035633887903,0.000567728548
2021-05-31,0.006566149295,0.034822996824,0.004249075708,0.076783779666,0.000603311721
2021-06-30,0.022427398241,-0.010780297593,0.010225522776,-0.071476620983,-0.001715136259
2021-07-31,0.024412639843,0.007733082199,0.019902682243,0.025297363508,0.001660159710
2021-08-31,0.029759861767,0.014467329922,-0.003944870256,-0.000765545149,-0.000324919667
2021-09-30,-0.046605659514,-0.032614158414,-0.015970302378,-0.032235259249,-0.001008511683
2021-10-31,0.070163814968,0.031790983059,-0.004429519116,0.014797178527,-0.003355174823
2021-11-30,-0.008034974123,-0.045347358550,0.010921189821,-0.006900653697,-0.000570795894
2021-12-31,0.046247818812,0.043909495287,-0.005240402345,0.032990977123,-0.002122664530
2022-01-31,-0.052741322716,-0.036349895467,-0.021130604764,-0.016787612677,-0.006897375917
2022-02-28,-0.029516853781,-0.034291544882,-0.003041116203,0.061217257238,-0.004321246456
2022-03-31,0.037590268354,0.005189494338,-0.040609199271,0.012725579950,-0.014018222007
2022-04-30,-0.087769084350,-0.067391201369,-0.042282861429,-0.020702963525,-0.004969253117
2022-05-31,0.002257153599,0.019959329651,0.006184604573,-0.032615477661,0.005962027649
2022-06-30,-0.082460548147,-0.087666488282,-0.008634477629,-0.015659651077,-0.005942780718
2022-07-31,0.092087599064,0.051688407567,0.029614279139,-0.025881517491,0.004098368074
2022-08-31,-0.040801802136,-0.061168642511,-0.038538225300,-0.029433282458,-0.008100079340
2022-09-30,-0.092446232974,-0.092220475053,-0.047349495347,-0.028881810637,-0.011923699782
2022-10-31,0.081275814412,0.058918015639,-0.014540298534,-0.017844407704,-0.001258012159
2022-11-30,0.055591485486,0.131681095880,0.036122009745,0.084918659637,0.006938344651
2022-12-31,-0.057628172985,-0.018129063904,-0.014880346002,0.029306485666,0.001177112568
2023-01-31,0.062887438450,0.090036701704,0.035811404384,0.057592574320,0.007761356215
2023-02-28,-0.025142746045,-0.030747779258,-0.032708026964,-0.053675963916,-0.008059015921
2023-03-31,0.037077722595,0.031290361055,0.037211086158,0.079161282472,0.016479354126
2023-04-30,0.015975038623,0.029362528251,0.008147424858,0.008623522653,0.002439701749
2023-05-31,0.004616168975,-0.040070723682,-0.014383623422,-0.013419890079,-0.003768752638
2023-06-30,0.064799676756,0.044700547496,-0.012552327052,-0.022213706061,-0.004945880604
2023-07-31,0.032733308289,0.027034351702,-0.006516500911,0.022886642359,0.003041940099
2023-08-31,-0.016251929885,-0.039349853099,-0.007309108144,-0.012777635059,0.004103178297
2023-09-30,-0.047434433743,-0.036488105736,-0.031388367431,-0.047605861131,-0.000789554799
2023-10-31,-0.021708678963,-0.029019269819,-0.019277350532,0.073724115571,0.003330658161
2023-11-30,0.091343984961,0.082187684114,0.045544791443,0.025313725649,0.010519748758
2023-12-31,0.045655261085,0.053509993473,0.037722535037,0.012821182352,0.011034284510
2024-01-31,0.015926417013,-0.004512300221,0.000726500699,-0.014228180398,0.003169341416
2024-02-29,0.052186799641,0.029862644439,-0.020826813326,0.004563548020,-0.003875398991
2024-03-31,0.032701970077,0.033786521592,0.007332293795,0.086683238465,0.003435603039
2024-04-30,-0.040319622402,-0.032431952217,-0.031297695808,0.029894973070,-0.004416998577
2024-05-31,0.050579772172,0.050601850711,0.018001490411,0.016189210429,0.007195528579
2024-06-30,0.035280244129,-0.018267261118,0.012169787252,-0.001346997403,0.005442843170
2024-07-31,0.012109029140,0.025915966163,0.028972440167,0.053671963349,0.011796118883
2024-08-31,0.023365535451,0.032603159824,0.013457748155,0.020922490269,0.008919666120
2024-09-30,0.021004599190,0.007833208722,0.013825154011,0.050888514913,0.007731771711
2024-10-31,-0.008923604978,-0.052732266674,-0.033873958180,0.042993487424,-0.006237616700
2024-11-30,0.059633369553,-0.003155830290,0.010209360739,-0.031241364603,0.002960549761
2024-12-31,-0.024059916930,-0.029501504244,-0.022584208697,-0.014088486936,0.002504530529
2025-01-31,0.026856453004,0.048009329019,0.006165614249,0.067856078736,0.003781363936
2025-02-28,-0.012695027416,0.029530601521,0.027997161831,0.018216241876,0.007351856123
2025-03-31,-0.055719211323,0.001838741387,0.003419584689,0.094465858900,0.004407570523
2025-04-30,-0.008670067254,0.036950810466,0.010560918670,0.054244372772,0.008125912096
2025-05-31,0.062845013324,0.047905650362,-0.012396004953,-0.000559577695,-0.002546399232
2025-06-30,0.051385919133,0.023962147638,0.016019609884,0.004051318986,0.005850934403
2025-07-31,0.023031669397,-0.020919478663,-0.005939204591,-0.006134551060,-0.000919983918
2025-08-31,0.020519542753,0.045246851867,0.016481593503,0.049874624687,0.008875538445
2025-09-30,0.035620362127,0.020660193612,0.006511037780,0.117584157686,0.002876744234
2025-10-31,0.023837409863,0.011995225268,0.007112650171,0.035586670754,0.003337363934
2025-11-30,0.001949962716,0.007408309900,0.009881404143,0.053678175670,0.004388292461
2025-12-31,0.000797497263,0.027104686333,-0.007611967251,0.021733506676,0.002947502445
2026-01-31,0.014737883534,0.049047169481,-0.002287838666,0.122732242305,0.002052656956
2026-02-28,-0.008642082420,0.046059167759,0.024699802277,0.087200779253,0.005317913662
2026-03-31,-0.049379608639,-0.078288114948,-0.023202090831,-0.110511610243,-0.004665041757
2026-04-30,0.105052745069,0.053433582024,-0.001503162880,-0.015408224107,0.001907160214
2026-05-31,0.052625747556,0.024237776774,-0.000190197016,-0.015436926990,0.000766120163
2026-06-30,-0.010292580957,0.006906855474,0.002512472164,-0.116848846387,0.000645942559
2026-07-31,0.000348224420,0.016365081080,-0.013887390513,0.008578108530,0.001563366117
2026-08-31,0.026799359785,0.017711641265,0.001165935894,0.099262539793,0.001724754494
2026-09-30,-0.003293417783,-0.033131667377,-0.033525217668,-0.067528564182,-0.005462550079
