date,net_return,gross_return,wealth,turnover,cost_fraction,rebalanced,initial
2008-01-31,-0.020310307610,-0.019820217719,0.979689692390,0.500000000000,0.000500000000,True,True
2008-02-29,-0.002115034387,-0.002115034387,0.977617615002,0.000000000000,0.000000000000,False,False
2008-03-31,-0.006009771302,-0.006009771302,0.971742356715,0.000000000000,0.000000000000,False,False
2008-04-30,0.019280437730,0.019319568200,0.990477974713,0.038388814902,0.000038388815,True,False
2008-05-31,0.005116546014,0.005116546014,0.995545800846,0.000000000000,0.000000000000,False,False
2008-06-30,-0.045939094455,-0.045939094455,0.949811328267,0.000000000000,0.000000000000,False,False
2008-07-31,-0.009664355051,-0.009660296668,0.940632014359,0.004097970525,0.000004097971,True,False
2008-08-31,-0.007236575262,-0.007236575262,0.933825059993,0.000000000000,0.000000000000,False,False
2008-09-30,-0.056319392509,-0.056319392509,0.881232599904,0.000000000000,0.000000000000,False,False
2008-10-31,-0.125515095629,-0.125488624351,0.770624605856,0.030269792849,0.000030269793,True,False
2008-11-30,-0.003444353417,-0.003444353417,0.767970302362,0.000000000000,0.000000000000,False,False
2008-12-31,0.043084653410,0.043084653410,0.801058036668,0.000000000000,0.000000000000,False,False
2009-01-31,-0.064781441094,-0.064709096416,0.749164342653,0.077349921313,0.000077349921,True,False
2009-02-28,-0.061676236041,-0.061676236041,0.702958705822,0.000000000000,0.000000000000,False,False
2009-03-31,0.052085496066,0.052085496066,0.739572658729,0.000000000000,0.000000000000,False,False
2009-04-30,0.052461344724,0.052497133892,0.778371634927,0.034004052261,0.000034004052,True,False
2009-05-31,0.057003094803,0.057003094803,0.822741227025,0.000000000000,0.000000000000,False,False
2009-06-30,-0.009695552199,-0.009695552199,0.814764296513,0.000000000000,0.000000000000,False,False
2009-07-31,0.054388764724,0.054439516976,0.859078320141,0.048131971388,0.000048131971,True,False
2009-08-31,0.026528684531,0.026528684531,0.881868537883,0.000000000000,0.000000000000,False,False
2009-09-30,0.030938024868,0.030938024868,0.909151808638,0.000000000000,0.000000000000,False,False
2009-10-31,-0.009318890719,-0.009291625955,0.900679522286,0.027520474498,0.000027520474,True,False
2009-11-30,0.050883017848,0.050883017848,0.946508814494,0.000000000000,0.000000000000,False,False
2009-12-31,-0.010249218795,-0.010249218795,0.936807838562,0.000000000000,0.000000000000,False,False
2010-01-31,-0.019619050815,-0.019602145430,0.918428557974,0.017243392800,0.000017243393,True,False
2010-02-28,0.017028556649,0.017028556649,0.934068070701,0.000000000000,0.000000000000,False,False
2010-03-31,0.033154640788,0.033154640788,0.965036762057,0.000000000000,0.000000000000,False,False
2010-04-30,0.010734986844,0.010744431477,0.975396419002,0.009344233847,0.000009344234,True,False
2010-05-31,-0.042660932195,-0.042660932195,0.933785098507,0.000000000000,0.000000000000,False,False
2010-06-30,-0.012557892432,-0.012557892432,0.922058725686,0.000000000000,0.000000000000,False,False
2010-07-31,0.047770512348,0.047824953614,0.966105943426,0.051956451944,0.000051956452,True,False
2010-08-31,-0.013065405228,-0.013065405228,0.953483377782,0.000000000000,0.000000000000,False,False
2010-09-30,0.060731665606,0.060731665606,1.011390011443,0.000000000000,0.000000000000,False,False
2010-10-31,0.026644794328,0.026665990402,1.038338290283,0.020645540463,0.000020645540,True,False
2010-11-30,-0.009909270803,-0.009909270803,1.028049114979,0.000000000000,0.000000000000,False,False
2010-12-31,0.037558035731,0.037558035731,1.066660620373,0.000000000000,0.000000000000,False,False
2011-01-31,0.007117548321,0.007143559474,1.074252628881,0.025826658095,0.000025826658,True,False
2011-02-28,0.026313018035,0.026313018035,1.102519457679,0.000000000000,0.000000000000,False,False
2011-03-31,-0.003737703088,-0.003737703088,1.098398567298,0.000000000000,0.000000000000,False,False
2011-04-30,0.036638796007,0.036650987395,1.138642568339,0.011760358873,0.000011760359,True,False
2011-05-31,-0.004500729551,-0.004500729551,1.133517846084,0.000000000000,0.000000000000,False,False
2011-06-30,-0.012876355439,-0.012876355439,1.118922267402,0.000000000000,0.000000000000,False,False
2011-07-31,0.003719497246,0.003727244260,1.123084095694,0.007718246348,0.000007718246,True,False
2011-08-31,-0.013116977603,-0.013116977603,1.108352626765,0.000000000000,0.000000000000,False,False
2011-09-30,-0.052950164858,-0.052950164858,1.049665172457,0.000000000000,0.000000000000,False,False
2011-10-31,0.065518638062,0.065585927376,1.118437804977,0.063147712730,0.000063147713,True,False
2011-11-30,-0.003149734917,-0.003149734917,1.114915022371,0.000000000000,0.000000000000,False,False
2011-12-31,-0.006180338602,-0.006180338602,1.108024470020,0.000000000000,0.000000000000,False,False
2012-01-31,0.042656820468,0.042680729378,1.155289270913,0.022930230824,0.000022930231,True,False
2012-02-29,0.021287837710,0.021287837710,1.179882881420,0.000000000000,0.000000000000,False,False
2012-03-31,0.008959362997,0.008959362997,1.190453880449,0.000000000000,0.000000000000,False,False
2012-04-30,-0.000624054385,-0.000598235920,1.189710972486,0.025833918907,0.000025833919,True,False
2012-05-31,-0.044660545012,-0.044660545012,1.136577832048,0.000000000000,0.000000000000,False,False
2012-06-30,0.029822854602,0.029822854602,1.170473827477,0.000000000000,0.000000000000,False,False
2012-07-31,0.009324759715,0.009342870746,1.181388214671,0.017943387783,0.000017943388,True,False
2012-08-31,0.021035363516,0.021035363516,1.206239145220,0.000000000000,0.000000000000,False,False
2012-09-30,0.019591588357,0.019591588357,1.229871286012,0.000000000000,0.000000000000,False,False
2012-10-31,-0.009070861944,-0.009058805994,1.218715293368,0.012166160789,0.000012166161,True,False
2012-11-30,0.009931643266,0.009931643266,1.230819138905,0.000000000000,0.000000000000,False,False
2012-12-31,0.007930252179,0.007930252179,1.240579845064,0.000000000000,0.000000000000,False,False
2013-01-31,0.024184482381,0.024199887177,1.270582626469,0.015040809308,0.000015040809,True,False
2013-02-28,0.000444846232,0.000444846232,1.271147840363,0.000000000000,0.000000000000,False,False
2013-03-31,0.019977471643,0.019977471643,1.296542160297,0.000000000000,0.000000000000,False,False
2013-04-30,0.013984001273,0.014007248305,1.314673007518,0.022925903216,0.000022925903,True,False
2013-05-31,-0.010250217181,-0.010250217181,1.301197323668,0.000000000000,0.000000000000,False,False
2013-06-30,-0.026826413401,-0.026826413401,1.266290866347,0.000000000000,0.000000000000,False,False
2013-07-31,0.037919653202,0.037946276940,1.314308176852,0.025650400556,0.000025650401,True,False
2013-08-31,-0.014197673383,-0.014197673383,1.295648058633,0.000000000000,0.000000000000,False,False
2013-09-30,0.027670320380,0.027670320380,1.331499055515,0.000000000000,0.000000000000,False,False
2013-10-31,0.026663604004,0.026678448814,1.367001619064,0.014459064257,0.000014459064,True,False
2013-11-30,0.005726591973,0.005726591973,1.374829879563,0.000000000000,0.000000000000,False,False
2013-12-31,0.006593446195,0.006593446195,1.383894746401,0.000000000000,0.000000000000,False,False
2014-01-31,-0.013352916321,-0.013323822829,1.365415715655,0.029486363115,0.000029486363,True,False
2014-02-28,0.037108643865,0.037108643865,1.416084441176,0.000000000000,0.000000000000,False,False
2014-03-31,-0.002478129586,-0.002478129586,1.412575200426,0.000000000000,0.000000000000,False,False
2014-04-30,0.008551065626,0.008557304615,1.424654223666,0.006186053436,0.000006186053,True,False
2014-05-31,0.014091945676,0.014091945676,1.444730373593,0.000000000000,0.000000000000,False,False
2014-06-30,0.015615686524,0.015615686524,1.467290830219,0.000000000000,0.000000000000,False,False
2014-07-31,-0.014809157540,-0.014803589192,1.445561489157,0.005652018047,0.000005652018,True,False
2014-08-31,0.021391306042,0.021391306042,1.476483937374,0.000000000000,0.000000000000,False,False
2014-09-30,-0.021777662495,-0.021777662495,1.444329568506,0.000000000000,0.000000000000,False,False
2014-10-31,0.009788762775,0.009806180475,1.458467768020,0.017248557612,0.000017248558,True,False
2014-11-30,0.014084865141,0.014084865141,1.479010089845,0.000000000000,0.000000000000,False,False
2014-12-31,-0.007407569971,-0.007407569971,1.468054219116,0.000000000000,0.000000000000,False,False
2015-01-31,0.009140680817,0.009156920746,1.481473234155,0.016092570249,0.000016092570,True,False
2015-02-28,0.021365096174,0.021365096174,1.513125052282,0.000000000000,0.000000000000,False,False
2015-03-31,-0.009114939151,-0.009114939151,1.499333009504,0.000000000000,0.000000000000,False,False
2015-04-30,0.009484966167,0.009492714510,1.513554132371,0.007675481838,0.000007675482,True,False
2015-05-31,0.005090765915,0.005090765915,1.521259282159,0.000000000000,0.000000000000,False,False
2015-06-30,-0.020034328887,-0.020034328887,1.490781873378,0.000000000000,0.000000000000,False,False
2015-07-31,0.010290707686,0.010296593759,1.506123073861,0.005826083861,0.000005826084,True,False
2015-08-31,-0.036073556101,-0.036073556101,1.451791858661,0.000000000000,0.000000000000,False,False
2015-09-30,-0.016156818399,-0.016156818399,1.428335521247,0.000000000000,0.000000000000,False,False
2015-10-31,0.047845737567,0.047868396031,1.496675287754,0.021623387328,0.000021623387,True,False
2015-11-30,-0.007745501676,-0.007745501676,1.485082786805,0.000000000000,0.000000000000,False,False
2015-12-31,-0.013549715669,-0.013549715669,1.464960337298,0.000000000000,0.000000000000,False,False
2016-01-31,-0.016897716105,-0.016879151507,1.440205853413,0.018883333039,0.000018883333,True,False
2016-02-29,0.008953141134,0.008953141134,1.453100219682,0.000000000000,0.000000000000,False,False
2016-03-31,0.036776460594,0.036776460594,1.506540102650,0.000000000000,0.000000000000,False,False
2016-04-30,0.010738972698,0.010756669714,1.522718795681,0.017508681297,0.000017508681,True,False
2016-05-31,-0.000101335138,-0.000101335138,1.522564490762,0.000000000000,0.000000000000,False,False
2016-06-30,0.013186422564,0.013186422564,1.542641669519,0.000000000000,0.000000000000,False,False
2016-07-31,0.025113742624,0.025120158609,1.581383175367,0.006258764437,0.000006258764,True,False
2016-08-31,-0.004258313435,-0.004258313435,1.574649150145,0.000000000000,0.000000000000,False,False
2016-09-30,0.004067765740,0.004067765740,1.581054454011,0.000000000000,0.000000000000,False,False
2016-10-31,-0.018082803295,-0.018071283132,1.552464557321,0.011732178336,0.000011732178,True,False
2016-11-30,-0.007902270451,-0.007902270451,1.540196562523,0.000000000000,0.000000000000,False,False
2016-12-31,0.011818315044,0.011818315044,1.558399090728,0.000000000000,0.000000000000,False,False
2017-01-31,0.019738327825,0.019761268228,1.589159282863,0.022495856121,0.000022495856,True,False
2017-02-28,0.023188089157,0.023188089157,1.626008849999,0.000000000000,0.000000000000,False,False
2017-03-31,0.006761259576,0.006761259576,1.637002717907,0.000000000000,0.000000000000,False,False
2017-04-30,0.013398704422,0.013410734676,1.658936433463,0.011871054274,0.000011871054,True,False
2017-05-31,0.014759832814,0.014759832814,1.683422057869,0.000000000000,0.000000000000,False,False
2017-06-30,-0.000280174245,-0.000280174245,1.682950406365,0.000000000000,0.000000000000,False,False
2017-07-31,0.016863538206,0.016871616768,1.711330904842,0.007944524484,0.000007944524,True,False
2017-08-31,0.009001940072,0.009001940072,1.726736203090,0.000000000000,0.000000000000,False,False
2017-09-30,0.005594160097,0.005594160097,1.736395841857,0.000000000000,0.000000000000,False,False
2017-10-31,0.011509177296,0.011517671691,1.756380329457,0.008397672806,0.000008397673,True,False
2017-11-30,0.013311881764,0.013311881764,1.779761056735,0.000000000000,0.000000000000,False,False
2017-12-31,0.010172157599,0.010172157599,1.797865066692,0.000000000000,0.000000000000,False,False
2018-01-31,0.030288088959,0.030301357372,1.852318963768,0.012878187084,0.000012878187,True,False
2018-02-28,-0.029112054806,-0.029112054806,1.798394152576,0.000000000000,0.000000000000,False,False
2018-03-31,-0.009273671245,-0.009273671245,1.781716436435,0.000000000000,0.000000000000,False,False
2018-04-30,0.000844105092,0.000847142587,1.783220392352,0.003034924527,0.000003034925,True,False
2018-05-31,0.007346541770,0.007346541770,1.796320895449,0.000000000000,0.000000000000,False,False
2018-06-30,-0.003779877786,-0.003779877786,1.789531022000,0.000000000000,0.000000000000,False,False
2018-07-31,0.016918817711,0.016931427286,1.819807771150,0.012399631418,0.000012399631,True,False
2018-08-31,0.009092514542,0.009092514542,1.836354399774,0.000000000000,0.000000000000,False,False
2018-09-30,0.000735955045,0.000735955045,1.837705874059,0.000000000000,0.000000000000,False,False
2018-10-31,-0.042488781914,-0.042470290901,1.759623989953,0.019311164135,0.000019311164,True,False
2018-11-30,0.012188468838,0.012188468838,1.781071112122,0.000000000000,0.000000000000,False,False
2018-12-31,-0.031720646684,-0.031720646684,1.724574384655,0.000000000000,0.000000000000,False,False
2019-01-31,0.049892133539,0.049939610386,1.810617080152,0.045218645727,0.000045218646,True,False
2019-02-28,0.016675801261,0.016675801261,1.840810570741,0.000000000000,0.000000000000,False,False
2019-03-31,0.014434929279,0.014434929279,1.867382541145,0.000000000000,0.000000000000,False,False
2019-04-30,0.020307493475,0.020331122798,1.905304399915,0.023158484395,0.000023158484,True,False
2019-05-31,-0.026679865480,-0.026679865480,1.854471134827,0.000000000000,0.000000000000,False,False
2019-06-30,0.050470613773,0.050470613773,1.948067431225,0.000000000000,0.000000000000,False,False
2019-07-31,0.002219860345,0.002224517984,1.952391868865,0.004647300791,0.000004647301,True,False
2019-08-31,0.007597751254,0.007597751254,1.967225656636,0.000000000000,0.000000000000,False,False
2019-09-30,0.006970717110,0.006970717110,1.980938630179,0.000000000000,0.000000000000,False,False
2019-10-31,0.018804054644,0.018809575836,2.018188308427,0.005419258969,0.000005419259,True,False
2019-11-30,0.011871354895,0.011871354895,2.042146938080,0.000000000000,0.000000000000,False,False
2019-12-31,0.019372486290,0.019372486290,2.081708401640,0.000000000000,0.000000000000,False,False
2020-01-31,0.007627136867,0.007647078964,2.097585876537,0.019790755216,0.000019790755,True,False
2020-02-29,-0.039010562736,-0.039010562736,2.015757871106,0.000000000000,0.000000000000,False,False
2020-03-31,-0.062942030887,-0.062942030887,1.888881976923,0.000000000000,0.000000000000,False,False
2020-04-30,0.070433396305,0.070513915298,2.021922349777,0.075215269737,0.000075215270,True,False
2020-05-31,0.034115461311,0.034115461311,2.090901163475,0.000000000000,0.000000000000,False,False
2020-06-30,0.017470999007,0.017470999007,2.127431295625,0.000000000000,0.000000000000,False,False
2020-07-31,0.040373066696,0.040406492460,2.213322221214,0.032127600701,0.000032127601,True,False
2020-08-31,0.034961998637,0.034961998637,2.290704389695,0.000000000000,0.000000000000,False,False
2020-09-30,-0.023333541618,-0.023333541618,2.237254143484,0.000000000000,0.000000000000,False,False
2020-10-31,-0.021084396157,-0.021069362245,2.190082990819,0.015357485046,0.000015357485,True,False
2020-11-30,0.066824036561,0.066824036561,2.336433176668,0.000000000000,0.000000000000,False,False
2020-12-31,0.031701263957,0.031701263957,2.410501061519,0.000000000000,0.000000000000,False,False
2021-01-31,-0.011611715765,-0.011581001465,2.382511008341,0.031074170357,0.000031074170,True,False
2021-02-28,0.003562988117,0.003562988117,2.390999866753,0.000000000000,0.000000000000,False,False
2021-03-31,0.016884410084,0.016884410084,2.431370489013,0.000000000000,0.000000000000,False,False
2021-04-30,0.033134994283,0.033163848557,2.511933936267,0.027928071606,0.000027928072,True,False
2021-05-31,0.018381136338,0.018381136338,2.558106136420,0.000000000000,0.000000000000,False,False
2021-06-30,0.001660376929,0.001660376929,2.562353556831,0.000000000000,0.000000000000,False,False
2021-07-31,0.018888605080,0.018900087274,2.610752841241,0.011269205212,0.000011269205,True,False
2021-08-31,0.013749908314,0.013749908314,2.646650453438,0.000000000000,0.000000000000,False,False
2021-09-30,-0.032667987777,-0.032667987777,2.560189708775,0.000000000000,0.000000000000,False,False
2021-10-31,0.034625395054,0.034628301932,2.648837288854,0.002809586305,0.000002809586,True,False
2021-11-30,-0.010446081374,-0.010446081374,2.621167318988,0.000000000000,0.000000000000,False,False
2021-12-31,0.029486389042,0.029486389042,2.698456078300,0.000000000000,0.000000000000,False,False
2022-01-31,-0.035693521697,-0.035672789434,2.602138677722,0.021499198570,0.000021499199,True,False
2022-02-28,-0.013203897766,-0.013203897766,2.567780304649,0.000000000000,0.000000000000,False,False
2022-03-31,0.005796286297,0.005796286297,2.582663894443,0.000000000000,0.000000000000,False,False
2022-04-30,-0.061485986680,-0.061475348379,2.423866256631,0.011335131599,0.000011335132,True,False
2022-05-31,0.003334849895,0.003334849895,2.431949486762,0.000000000000,0.000000000000,False,False
2022-06-30,-0.053837477838,-0.053837477838,2.301019460166,0.000000000000,0.000000000000,False,False
2022-07-31,0.052163002491,0.052193057578,2.421047543999,0.028564232194,0.000028564232,True,False
2022-08-31,-0.041706622198,-0.041706622198,2.320073828757,0.000000000000,0.000000000000,False,False
2022-09-30,-0.071396301650,-0.071396301650,2.154429137830,0.000000000000,0.000000000000,False,False
2022-10-31,0.038800616569,0.038811512881,2.238022316733,0.010489209206,0.000010489209,True,False
2022-11-30,0.066920512789,0.066920512789,2.387791917803,0.000000000000,0.000000000000,False,False
2022-12-31,-0.028215310451,-0.028215310451,2.320419627550,0.000000000000,0.000000000000,False,False
2023-01-31,0.058240986095,0.058262492060,2.455563154813,0.020321956559,0.000020321957,True,False
2023-02-28,-0.030186698060,-0.030186698060,2.381437811292,0.000000000000,0.000000000000,False,False
2023-03-31,0.039019416639,0.039019416639,2.474360125451,0.000000000000,0.000000000000,False,False
2023-04-30,0.015274860543,0.015283714667,2.512155631301,0.008720836644,0.000008720837,True,False
2023-05-31,-0.011367421157,-0.011367421157,2.483598900227,0.000000000000,0.000000000000,False,False
2023-06-30,0.029603004527,0.029603004527,2.557120889714,0.000000000000,0.000000000000,False,False
2023-07-31,0.019290782784,0.019311829669,2.606449753349,0.020648131796,0.000020648132,True,False
2023-08-31,-0.017377300247,-0.017377300247,2.561156693405,0.000000000000,0.000000000000,False,False
2023-09-30,-0.039000072854,-0.039000072854,2.461271395772,0.000000000000,0.000000000000,False,False
2023-10-31,-0.011772113033,-0.011767718717,2.432297030696,0.004446642641,0.000004446643,True,False
2023-11-30,0.066904695454,0.066904695454,2.595029122789,0.000000000000,0.000000000000,False,False
2023-12-31,0.040199185667,0.040199185667,2.699347180308,0.000000000000,0.000000000000,False,False
2024-01-31,0.004374621256,0.004385380967,2.711155801860,0.010712731736,0.000010712732,True,False
2024-02-29,0.022100829463,0.022100829463,2.771074593886,0.000000000000,0.000000000000,False,False
2024-03-31,0.030647464815,0.030647464815,2.856001005002,0.000000000000,0.000000000000,False,False
2024-04-30,-0.027688864873,-0.027670015978,2.776921579097,0.019385286338,0.000019385286,True,False
2024-05-31,0.036606235085,0.036606235085,2.878574223234,0.000000000000,0.000000000000,False,False
2024-06-30,0.013539192421,0.013539192421,2.917547793541,0.000000000000,0.000000000000,False,False
2024-07-31,0.023215651590,0.023226917210,2.985280566613,0.011009893722,0.000011009894,True,False
2024-08-31,0.021761262469,0.021761262469,3.050244040565,0.000000000000,0.000000000000,False,False
2024-09-30,0.018971902719,0.018971902719,3.108112973773,0.000000000000,0.000000000000,False,False
2024-10-31,-0.018603346879,-0.018596916964,3.050291669983,0.006551757846,0.000006551758,True,False
2024-11-30,0.022821549679,0.022821549679,3.119904052863,0.000000000000,0.000000000000,False,False
2024-12-31,-0.022402453899,-0.022402453899,3.050010546150,0.000000000000,0.000000000000,False,False
2025-01-31,0.028839746666,0.028860526638,3.137972077631,0.020197073421,0.000020197073,True,False
2025-02-28,0.010042120612,0.010042120612,3.169483971710,0.000000000000,0.000000000000,False,False
2025-03-31,-0.010412398871,-0.010412398871,3.136482040380,0.000000000000,0.000000000000,False,False
2025-04-30,0.012364495163,0.012393097741,3.175263057397,0.028252442975,0.000028252443,True,False
2025-05-31,0.031150094309,0.031150094309,3.274172801090,0.000000000000,0.000000000000,False,False
2025-06-30,0.030253345772,0.030253345772,3.373227482960,0.000000000000,0.000000000000,False,False
2025-07-31,0.002865555055,0.002884516576,3.382893652026,0.018906983671,0.000018906984,True,False
2025-08-31,0.026676133113,0.026676133113,3.473136173393,0.000000000000,0.000000000000,False,False
2025-09-30,0.032208346782,0.032208346782,3.585000147687,0.000000000000,0.000000000000,False,False
2025-10-31,0.017420764962,0.017437706814,3.647453592651,0.016651487526,0.000016651488,True,False
2025-11-30,0.010383851198,0.010383851198,3.685328208010,0.000000000000,0.000000000000,False,False
2025-12-31,0.006263020014,0.006263020014,3.708409492335,0.000000000000,0.000000000000,False,False
2026-01-31,0.027497973849,0.027508484721,3.810383239576,0.010229475181,0.000010229475,True,False
2026-02-28,0.021774463445,0.021774463445,3.893352290137,0.000000000000,0.000000000000,False,False
2026-03-31,-0.054012238070,-0.054012238070,3.683063619353,0.000000000000,0.000000000000,False,False
2026-04-30,0.050870949537,0.050886559312,3.870424562874,0.014853911302,0.000014853911,True,False
2026-05-31,0.025539638157,0.025539638157,3.969273805723,0.000000000000,0.000000000000,False,False
2026-06-30,-0.012959058057,-0.012959058057,3.917835756031,0.000000000000,0.000000000000,False,False
2026-07-31,0.000839251941,0.000876437515,3.921123807294,0.037153011110,0.000037153011,True,False
2026-08-31,0.024687349644,0.024687349644,4.017925961722,0.000000000000,0.000000000000,False,False
2026-09-30,-0.023637828173,-0.023637828173,3.922950918229,0.000000000000,0.000000000000,False,False
